Category,Item Name,Price,Description
Entradas,Bruschetta Caprese,6.50,Pan tostado con tomate mozzarella fresca y albahaca
Entradas,Camarones al Ajillo,8.99,Camarones frescos salteados con ajo y limón
Entradas,Tabla de Quesos,10.50,Selección de quesos artesanales con jamón ibérico
Platos Fuertes,Filete de Res,18.99,Filete premium a la parrilla con vegetales asados
Platos Fuertes,Salmón a la Mantequilla,16.99,Salmón fresco cocido en salsa de limón y mantequilla
Platos Fuertes,Pollo al Horno,13.99,Pollo tierno horneado con hierbas aromáticas
Bebidas,Agua Fresca,3.50,Bebida refrescante de frutas tropicales naturales
Bebidas,Limonada Casera,3.99,Limonada artesanal con limones frescos y hielo
Bebidas,Vino Tinto Reserva,7.99,Vino tinto de cosecha propia cuerpo medio y afrutado
Postres,Flan Casero,4.99,Flan tradicional con caramelo casero y crema
Postres,Churros con Chocolate,5.50,Churros crujientes acompañados de chocolate caliente
Postres,Tiramisú,6.50,Postre italiano clásico con mascarpone y café
